{
  "project_info": {
    "project_number": "186548866781",
    "project_id": "ping-c06ef",
    "storage_bucket": "ping-c06ef.appspot.com"
  },
  "client": [
    {
      "client_info": {
        "mobilesdk_app_id": "1:186548866781:android:524831f256a49631d65534",
        "android_client_info": {
          "package_name": "com.example.ping"
        }
      },
      "oauth_client": [
        {
          "client_id": "186548866781-bahpn660qfbsiho9783kt1oi9goe5gb9.apps.googleusercontent.com",
          "client_type": 3
        }
      ],
      "api_key": [
        {
          "current_key": "AIzaSyCFIHIeXxOOA-YW8wzlpsKvONgpq3sP7h4"
        }
      ],
      "services": {
        "appinvite_service": {
          "other_platform_oauth_client": [
            {
              "client_id": "186548866781-bahpn660qfbsiho9783kt1oi9goe5gb9.apps.googleusercontent.com",
              "client_type": 3
            }
          ]
        }
      }
    }
  ],
  "configuration_version": "1"
}